addressAdham st48,age48,Last updated2018-03-19T19:12:30.492,namename48,Social Security number48,
addressAdham st49,age49,Last updated2018-03-19T19:12:30.743,namename49,Social Security number49,
addressAdham st5,age5,Last updated2018-03-19T19:12:26.933,namename5,Social Security number5,
addressAdham st50,age50,Last updated2018-03-19T19:12:30.890,namename50,Social Security number50,
addressAdham st51,age51,Last updated2018-03-19T19:12:30.986,namename51,Social Security number51,
addressAdham st52,age52,Last updated2018-03-19T19:12:31.166,namename52,Social Security number52,
addressAdham st53,age53,Last updated2018-03-19T19:12:31.302,namename53,Social Security number53,
addressAdham st54,age54,Last updated2018-03-19T19:12:31.408,namename54,Social Security number54,
addressAdham st55,age55,Last updated2018-03-19T19:12:31.515,namename55,Social Security number55,
addressAdham st56,age56,Last updated2018-03-19T19:12:31.662,namename56,Social Security number56,
